Date;Oil bbl/d
17/01/2018;412
18/01/2018;253
19/01/2018;351
20/01/2018;364
21/01/2018;338
22/01/2018;342
23/01/2018;335
24/01/2018;292
25/01/2018;366
26/01/2018;331
27/01/2018;377
28/01/2018;341
29/01/2018;339
30/01/2018;359
31/01/2018;292
01/02/2018;372
02/02/2018;349
03/02/2018;330
04/02/2018;313
05/02/2018;310
06/02/2018;319
07/02/2018;318
08/02/2018;324
09/02/2018;395
10/02/2018;362
11/02/2018;377
12/02/2018;359
13/02/2018;376
14/02/2018;371
15/02/2018;381
16/02/2018;407
17/02/2018;324
18/02/2018;339
19/02/2018;351
20/02/2018;358
21/02/2018;360
22/02/2018;329
23/02/2018;376
24/02/2018;358
25/02/2018;387
26/02/2018;386
27/02/2018;398
28/02/2018;398
01/03/2018;373
02/03/2018;368
03/03/2018;379
04/03/2018;380
05/03/2018;381
06/03/2018;356
07/03/2018;337
08/03/2018;326
09/03/2018;318
10/03/2018;288
11/03/2018;299
12/03/2018;326
13/03/2018;337
14/03/2018;334
15/03/2018;344
16/03/2018;328
17/03/2018;317
18/03/2018;322
19/03/2018;319
20/03/2018;298
21/03/2018;309
22/03/2018;334
23/03/2018;347
24/03/2018;368
25/03/2018;359
26/03/2018;372
27/03/2018;379
28/03/2018;412
29/03/2018;409
30/03/2018;316
31/03/2018;384
01/04/2018;372
02/04/2018;417
03/04/2018;433
04/04/2018;421
05/04/2018;413
06/04/2018;400
07/04/2018;393
08/04/2018;396
09/04/2018;398
10/04/2018;408
11/04/2018;406
12/04/2018;426
13/04/2018;431
14/04/2018;413
15/04/2018;410
16/04/2018;431
17/04/2018;426
18/04/2018;424
19/04/2018;431
20/04/2018;436
21/04/2018;429
22/04/2018;424
23/04/2018;429
24/04/2018;418
25/04/2018;421
26/04/2018;416
27/04/2018;411
28/04/2018;416
29/04/2018;405
30/04/2018;416
01/05/2018;433
02/05/2018;426
03/05/2018;410
04/05/2018;409
05/05/2018;402
06/05/2018;411
07/05/2018;429
08/05/2018;391
09/05/2018;378
10/05/2018;363
11/05/2018;379
12/05/2018;370
13/05/2018;373
14/05/2018;356
15/05/2018;371
16/05/2018;394
17/05/2018;398
18/05/2018;400
19/05/2018;422
20/05/2018;432
21/05/2018;416
22/05/2018;419
23/05/2018;407
24/05/2018;400
25/05/2018;400
26/05/2018;395
27/05/2018;379
28/05/2018;392
29/05/2018;387
30/05/2018;360
31/05/2018;351
01/06/2018;355
02/06/2018;358
03/06/2018;352
04/06/2018;353
05/06/2018;374
06/06/2018;395
07/06/2018;406
08/06/2018;395
09/06/2018;387
10/06/2018;385
11/06/2018;390
12/06/2018;384
13/06/2018;388
14/06/2018;374
15/06/2018;345
16/06/2018;342
17/06/2018;320
18/06/2018;329
19/06/2018;359
20/06/2018;382
21/06/2018;368
22/06/2018;353
23/06/2018;367
24/06/2018;384
25/06/2018;381
26/06/2018;376
27/06/2018;364
28/06/2018;364
29/06/2018;362
30/06/2018;362
01/07/2018;368
02/07/2018;368
03/07/2018;359
04/07/2018;359
05/07/2018;353
06/07/2018;359
07/07/2018;359
08/07/2018;352
09/07/2018;358
10/07/2018;335
11/07/2018;335
12/07/2018;331
13/07/2018;331
14/07/2018;323
15/07/2018;323
16/07/2018;317
17/07/2018;317
18/07/2018;317
19/07/2018;317
20/07/2018;317
21/07/2018;310
22/07/2018;310
23/07/2018;304
24/07/2018;304
25/07/2018;304
26/07/2018;299
27/07/2018;299
28/07/2018;310
29/07/2018;342
30/07/2018;342
31/07/2018;342
01/08/2018;378
02/08/2018;378
03/08/2018;378
04/08/2018;356
05/08/2018;356
06/08/2018;356
07/08/2018;335
08/08/2018;312
09/08/2018;272
10/08/2018;272
11/08/2018;309
12/08/2018;309
13/08/2018;394
14/08/2018;394
15/08/2018;374
16/08/2018;374
17/08/2018;379
18/08/2018;388
19/08/2018;388
20/08/2018;385
21/08/2018;385
22/08/2018;382
23/08/2018;382
24/08/2018;376
25/08/2018;367
26/08/2018;371
27/08/2018;371
28/08/2018;384
29/08/2018;395
30/08/2018;392
31/08/2018;392
01/09/2018;395
02/09/2018;395
03/09/2018;400
04/09/2018;406
05/09/2018;400
06/09/2018;390
07/09/2018;390
08/09/2018;393
09/09/2018;393
10/09/2018;389
11/09/2018;389
12/09/2018;376
13/09/2018;373
14/09/2018;370
15/09/2018;361
16/09/2018;361
17/09/2018;354
18/09/2018;352
19/09/2018;352
20/09/2018;349
21/09/2018;370
22/09/2018;374
23/09/2018;374
24/09/2018;374
25/09/2018;354
26/09/2018;354
27/09/2018;352
28/09/2018;352
29/09/2018;352
30/09/2018;352
01/10/2018;350
02/10/2018;350
03/10/2018;344
04/10/2018;344
05/10/2018;328
06/10/2018;328
07/10/2018;328
08/10/2018;328
09/10/2018;339
10/10/2018;339
11/10/2018;339
12/10/2018;342
13/10/2018;342
14/10/2018;370
15/10/2018;370
16/10/2018;370
17/10/2018;360
18/10/2018;360
19/10/2018;360
20/10/2018;371
21/10/2018;371
22/10/2018;366
23/10/2018;366
24/10/2018;380
25/10/2018;380
26/10/2018;372
27/10/2018;372
28/10/2018;377
29/10/2018;377
30/10/2018;373
31/10/2018;373
01/11/2018;384
02/11/2018;440
03/11/2018;434
04/11/2018;429
05/11/2018;429
06/11/2018;430
07/11/2018;459
08/11/2018;459
09/11/2018;459
10/11/2018;454
11/11/2018;454
12/11/2018;459
13/11/2018;459
14/11/2018;459
15/11/2018;470
16/11/2018;470
17/11/2018;465
18/11/2018;465
19/11/2018;465
20/11/2018;470
21/11/2018;470
22/11/2018;470
23/11/2018;470
24/11/2018;475
25/11/2018;475
26/11/2018;473
27/11/2018;473
28/11/2018;460
29/11/2018;460
30/11/2018;430
01/12/2018;430
02/12/2018;430
03/12/2018;422
04/12/2018;422
05/12/2018;431
06/12/2018;431
07/12/2018;427
08/12/2018;427
09/12/2018;427
10/12/2018;434
11/12/2018;434
12/12/2018;434
13/12/2018;434
14/12/2018;434
15/12/2018;443
16/12/2018;443
17/12/2018;443
18/12/2018;448
19/12/2018;448
20/12/2018;448
21/12/2018;460
22/12/2018;460
23/12/2018;460
24/12/2018;458
25/12/2018;458
26/12/2018;458
27/12/2018;462
28/12/2018;462
29/12/2018;462
30/12/2018;468
31/12/2018;468
01/01/2019;467
02/01/2019;467
03/01/2019;467
04/01/2019;440
05/01/2019;440
06/01/2019;440
07/01/2019;440
08/01/2019;440
09/01/2019;451
10/01/2019;451
11/01/2019;446
12/01/2019;446
13/01/2019;446
14/01/2019;446
15/01/2019;435
16/01/2019;435
17/01/2019;435
18/01/2019;435
19/01/2019;427
20/01/2019;427
21/01/2019;427
22/01/2019;443
23/01/2019;443
24/01/2019;443
25/01/2019;454
26/01/2019;454
27/01/2019;440
28/01/2019;440
29/01/2019;440
30/01/2019;446
31/01/2019;446
01/02/2019;446
02/02/2019;446
03/02/2019;448
04/02/2019;448
05/02/2019;459
06/02/2019;459
07/02/2019;424
08/02/2019;424
09/02/2019;438
10/02/2019;438
11/02/2019;449
12/02/2019;466
13/02/2019;473
14/02/2019;473
15/02/2019;474
16/02/2019;474
17/02/2019;458
18/02/2019;458
19/02/2019;446
20/02/2019;446
21/02/2019;448
22/02/2019;448
23/02/2019;462
24/02/2019;459
25/02/2019;459
26/02/2019;452
27/02/2019;452
28/02/2019;456
01/03/2019;456
02/03/2019;463
03/03/2019;473
04/03/2019;473
05/03/2019;463
06/03/2019;434
07/03/2019;434
08/03/2019;438
09/03/2019;443
10/03/2019;443
11/03/2019;427
12/03/2019;416
13/03/2019;416
14/03/2019;426
15/03/2019;426
16/03/2019;424
17/03/2019;424
18/03/2019;424
19/03/2019;427
20/03/2019;431
21/03/2019;431
22/03/2019;431
23/03/2019;431
24/03/2019;415
25/03/2019;415
26/03/2019;415
27/03/2019;409
28/03/2019;409
29/03/2019;409
30/03/2019;406
31/03/2019;406
01/04/2019;419
02/04/2019;419
03/04/2019;424
04/04/2019;424
05/04/2019;424
06/04/2019;424
07/04/2019;431
08/04/2019;431
09/04/2019;431
10/04/2019;431
11/04/2019;431
12/04/2019;431
13/04/2019;435
14/04/2019;435
15/04/2019;435
16/04/2019;435
17/04/2019;435
18/04/2019;390
19/04/2019;390
20/04/2019;390
21/04/2019;395
22/04/2019;395
23/04/2019;395
24/04/2019;419
25/04/2019;419
26/04/2019;419
27/04/2019;414
28/04/2019;414
29/04/2019;399
30/04/2019;399
01/05/2019;399
02/05/2019;399
03/05/2019;399
04/05/2019;399
05/05/2019;399
06/05/2019;399
07/05/2019;399
08/05/2019;388
09/05/2019;388
10/05/2019;388
11/05/2019;388
12/05/2019;388
13/05/2019;388
14/05/2019;388
15/05/2019;388
16/05/2019;388
17/05/2019;388
18/05/2019;388
19/05/2019;388
20/05/2019;388
21/05/2019;388
22/05/2019;403
23/05/2019;403
24/05/2019;403
25/05/2019;392
26/05/2019;392
27/05/2019;392
28/05/2019;380
29/05/2019;380
30/05/2019;380
31/05/2019;380
01/06/2019;414
02/06/2019;414
03/06/2019;414
04/06/2019;396
05/06/2019;381
06/06/2019;381
07/06/2019;381
08/06/2019;381
09/06/2019;336
10/06/2019;336
11/06/2019;336
12/06/2019;336
13/06/2019;344
14/06/2019;344
15/06/2019;344
16/06/2019;338
17/06/2019;338
18/06/2019;338
19/06/2019;338
20/06/2019;339
21/06/2019;339
22/06/2019;339
23/06/2019;339
24/06/2019;360
25/06/2019;360
26/06/2019;360
27/06/2019;348
28/06/2019;342
29/06/2019;342
30/06/2019;342
01/07/2019;326
02/07/2019;326
03/07/2019;325
04/07/2019;325
05/07/2019;325
06/07/2019;325
07/07/2019;325
08/07/2019;308
09/07/2019;308
10/07/2019;302
11/07/2019;302
12/07/2019;302
13/07/2019;302
14/07/2019;295
15/07/2019;295
16/07/2019;295
17/07/2019;285
18/07/2019;285
19/07/2019;285
20/07/2019;285
21/07/2019;277
22/07/2019;277
23/07/2019;277
24/07/2019;271
25/07/2019;271
26/07/2019;271
27/07/2019;267
28/07/2019;267
29/07/2019;267
30/07/2019;267
31/07/2019;255
01/08/2019;255
02/08/2019;255
03/08/2019;275
04/08/2019;275
05/08/2019;275
06/08/2019;271
07/08/2019;271
08/08/2019;255
09/08/2019;255
10/08/2019;247
11/08/2019;247
12/08/2019;247
13/08/2019;228
14/08/2019;228
15/08/2019;219
16/08/2019;219
17/08/2019;219
18/08/2019;224
19/08/2019;224
20/08/2019;224
21/08/2019;224
22/08/2019;234
23/08/2019;234
24/08/2019;234
25/08/2019;218
26/08/2019;224
27/08/2019;247
28/08/2019;247
29/08/2019;247
30/08/2019;243
31/08/2019;243
01/09/2019;231
02/09/2019;231
03/09/2019;223
04/09/2019;223
05/09/2019;223
06/09/2019;223
07/09/2019;223
08/09/2019;223
09/09/2019;216
10/09/2019;216
11/09/2019;216
12/09/2019;208
13/09/2019;208
14/09/2019;200
15/09/2019;200
16/09/2019;200
17/09/2019;187
18/09/2019;187
19/09/2019;187
20/09/2019;187
21/09/2019;200
22/09/2019;200
23/09/2019;198
24/09/2019;198
25/09/2019;198
26/09/2019;187
27/09/2019;185
28/09/2019;185
29/09/2019;185
30/09/2019;185
01/10/2019;185
02/10/2019;185
03/10/2019;208
04/10/2019;208
05/10/2019;208
06/10/2019;213
07/10/2019;207
08/10/2019;207
09/10/2019;207
10/10/2019;207
11/10/2019;207
12/10/2019;207
13/10/2019;204
14/10/2019;204
15/10/2019;203
16/10/2019;203
17/10/2019;203
18/10/2019;203
19/10/2019;203
20/10/2019;197
21/10/2019;197
22/10/2019;197
23/10/2019;197
24/10/2019;188
25/10/2019;171
26/10/2019;171
27/10/2019;171
28/10/2019;179
29/10/2019;171
30/10/2019;171
31/10/2019;171
01/11/2019;171
02/11/2019;171
03/11/2019;164
04/11/2019;164
05/11/2019;164
06/11/2019;171
07/11/2019;171
08/11/2019;121
09/11/2019;143
10/11/2019;143
11/11/2019;143
12/11/2019;143
13/11/2019;143
14/11/2019;143
15/11/2019;143
16/11/2019;143
17/11/2019;127
18/11/2019;127
19/11/2019;155
20/11/2019;155
21/11/2019;155
22/11/2019;143
23/11/2019;143
24/11/2019;143
25/11/2019;144
26/11/2019;144
27/11/2019;144
28/11/2019;144
29/11/2019;144
30/11/2019;144
01/12/2019;144
02/12/2019;144
03/12/2019;144
04/12/2019;144
05/12/2019;144
06/12/2019;132
07/12/2019;132
08/12/2019;132
09/12/2019;132
10/12/2019;132
11/12/2019;132
12/12/2019;132
13/12/2019;158
14/12/2019;158
15/12/2019;158
16/12/2019;158
17/12/2019;158
18/12/2019;158
19/12/2019;149
20/12/2019;149
21/12/2019;149
22/12/2019;135
23/12/2019;135
24/12/2019;135
25/12/2019;142
26/12/2019;142
27/12/2019;179
28/12/2019;179
29/12/2019;179
30/12/2019;173
31/12/2019;173
01/01/2020;173
02/01/2020;160
03/01/2020;160
04/01/2020;153
05/01/2020;153
06/01/2020;153
07/01/2020;153
08/01/2020;124
09/01/2020;124
10/01/2020;124
11/01/2020;124
12/01/2020;116
13/01/2020;116
14/01/2020;115
15/01/2020;115
16/01/2020;136
17/01/2020;136
18/01/2020;136
19/01/2020;136
20/01/2020;136
21/01/2020;136
22/01/2020;136
23/01/2020;128
24/01/2020;128
25/01/2020;128
26/01/2020;128
27/01/2020;128
28/01/2020;128
29/01/2020;128
30/01/2020;128
31/01/2020;128
01/02/2020;128
02/02/2020;128
03/02/2020;128
04/02/2020;115
05/02/2020;115
06/02/2020;115
07/02/2020;115
08/02/2020;115
09/02/2020;92
10/02/2020;84
11/02/2020;84
12/02/2020;84
13/02/2020;84
14/02/2020;68
15/02/2020;80
16/02/2020;80
17/02/2020;80
18/02/2020;80
19/02/2020;80
20/02/2020;80
21/02/2020;123
22/02/2020;123
23/02/2020;123
24/02/2020;123
25/02/2020;123
26/02/2020;123
27/02/2020;123
28/02/2020;123
29/02/2020;110
01/03/2020;123
02/03/2020;110
03/03/2020;110
04/03/2020;96
05/03/2020;96
06/03/2020;96
07/03/2020;96
08/03/2020;87
09/03/2020;87
10/03/2020;87
11/03/2020;88
12/03/2020;88
13/03/2020;88
14/03/2020;88
15/03/2020;122
16/03/2020;122
17/03/2020;122
18/03/2020;122
19/03/2020;122
20/03/2020;113
21/03/2020;113
22/03/2020;113
23/03/2020;113
24/03/2020;106
25/03/2020;106
26/03/2020;106
27/03/2020;106
28/03/2020;106
29/03/2020;106
30/03/2020;107
31/03/2020;107
01/04/2020;107
02/04/2020;107
03/04/2020;107
04/04/2020;98
05/04/2020;98
06/04/2020;98
07/04/2020;98
08/04/2020;91
09/04/2020;91
10/04/2020;91
11/04/2020;91
12/04/2020;91
13/04/2020;91
14/04/2020;91
15/04/2020;83
16/04/2020;83
17/04/2020;83
18/04/2020;83
19/04/2020;83
20/04/2020;83
21/04/2020;83
22/04/2020;93
23/04/2020;93
24/04/2020;93
25/04/2020;93
26/04/2020;88
27/04/2020;88
28/04/2020;88
29/04/2020;88
30/04/2020;88
01/05/2020;111
02/05/2020;111
03/05/2020;111
04/05/2020;111
05/05/2020;111
06/05/2020;107
07/05/2020;107
08/05/2020;107
09/05/2020;107
10/05/2020;100
11/05/2020;100
12/05/2020;100
13/05/2020;100
14/05/2020;100
15/05/2020;100
16/05/2020;100
17/05/2020;80
18/05/2020;79
19/05/2020;79
20/05/2020;75
21/05/2020;75
22/05/2020;75
23/05/2020;75
24/05/2020;75
25/05/2020;75
26/05/2020;75
27/05/2020;77
28/05/2020;82
29/05/2020;82
30/05/2020;82
31/05/2020;76
01/06/2020;76
02/06/2020;76
03/06/2020;76
04/06/2020;76
05/06/2020;76
06/06/2020;76
07/06/2020;76
08/06/2020;64
09/06/2020;57
10/06/2020;57
11/06/2020;57
12/06/2020;52
13/06/2020;52
14/06/2020;46
15/06/2020;46
16/06/2020;46
17/06/2020;46
18/06/2020;46
19/06/2020;41
20/06/2020;41
21/06/2020;41
22/06/2020;36
23/06/2020;36
24/06/2020;36
25/06/2020;33
26/06/2020;33
27/06/2020;33
28/06/2020;33
29/06/2020;24
30/06/2020;24
01/07/2020;19
02/07/2020;19
03/07/2020;19
04/07/2020;51
05/07/2020;51
06/07/2020;51
07/07/2020;38
08/07/2020;38
09/07/2020;38
10/07/2020;33
11/07/2020;33
12/07/2020;33
13/07/2020;33
14/07/2020;33
15/07/2020;24
16/07/2020;24
17/07/2020;24
18/07/2020;21
19/07/2020;21
20/07/2020;21
21/07/2020;21
22/07/2020;21
23/07/2020;21
24/07/2020;21
25/07/2020;31
26/07/2020;31
27/07/2020;31
28/07/2020;31
29/07/2020;31
30/07/2020;31
31/07/2020;31
01/08/2020;40
02/08/2020;40
03/08/2020;40
04/08/2020;40
05/08/2020;45
06/08/2020;45
07/08/2020;45
08/08/2020;29
09/08/2020;29
10/08/2020;29
11/08/2020;29
12/08/2020;23
13/08/2020;23
14/08/2020;23
15/08/2020;23
16/08/2020;16
17/08/2020;25
18/08/2020;25
19/08/2020;36
20/08/2020;36
21/08/2020;36
22/08/2020;45
23/08/2020;45
24/08/2020;45
25/08/2020;40
26/08/2020;47
27/08/2020;52
28/08/2020;52
29/08/2020;52
30/08/2020;67
31/08/2020;67
01/09/2020;72
02/09/2020;72
03/09/2020;72
04/09/2020;72
05/09/2020;69
06/09/2020;69
07/09/2020;69
08/09/2020;81
09/09/2020;81
10/09/2020;81
11/09/2020;81
12/09/2020;85
13/09/2020;85
14/09/2020;85
15/09/2020;85
16/09/2020;85
17/09/2020;81
18/09/2020;81
19/09/2020;80
20/09/2020;83
21/09/2020;83
22/09/2020;83
23/09/2020;83
24/09/2020;83
25/09/2020;93
26/09/2020;93
27/09/2020;83
28/09/2020;83
29/09/2020;77
30/09/2020;77
01/10/2020;77
02/10/2020;77
03/10/2020;77
04/10/2020;77
05/10/2020;85
06/10/2020;85
07/10/2020;85
08/10/2020;85
09/10/2020;85
10/10/2020;85
11/10/2020;81
12/10/2020;81
13/10/2020;81
14/10/2020;81
15/10/2020;90
16/10/2020;90
17/10/2020;89
18/10/2020;89
19/10/2020;89
20/10/2020;89
21/10/2020;53
22/10/2020;64
23/10/2020;64
24/10/2020;64
25/10/2020;72
26/10/2020;72
27/10/2020;104
28/10/2020;104
29/10/2020;104
30/10/2020;96
31/10/2020;96
01/11/2020;96
02/11/2020;96
03/11/2020;71
04/11/2020;71
05/11/2020;71
06/11/2020;65
07/11/2020;65
08/11/2020;99
09/11/2020;99
10/11/2020;99
11/11/2020;99
12/11/2020;99
13/11/2020;80
14/11/2020;80
15/11/2020;72
16/11/2020;72
17/11/2020;49
18/11/2020;49
19/11/2020;43
20/11/2020;43
21/11/2020;43
22/11/2020;43
23/11/2020;40
24/11/2020;40
25/11/2020;40
26/11/2020;40
27/11/2020;36
28/11/2020;36
29/11/2020;36
30/11/2020;37
01/12/2020;37
02/12/2020;37
03/12/2020;33
04/12/2020;33
05/12/2020;35
06/12/2020;35
07/12/2020;35
08/12/2020;35
09/12/2020;35
10/12/2020;40
11/12/2020;40
12/12/2020;40
13/12/2020;40
14/12/2020;40
15/12/2020;40
16/12/2020;48
17/12/2020;48
18/12/2020;48
19/12/2020;48
20/12/2020;42
21/12/2020;42
22/12/2020;17
27/12/2020;0
28/12/2020;37
29/12/2020;92
30/12/2020;123
31/12/2020;133
01/01/2021;131
02/01/2021;144
03/01/2021;144
04/01/2021;144
05/01/2021;148
06/01/2021;170
07/01/2021;152
08/01/2021;162
09/01/2021;66
10/01/2021;155
11/01/2021;179
12/01/2021;187
13/01/2021;182
14/01/2021;170
15/01/2021;171
16/01/2021;171
17/01/2021;171
18/01/2021;144
19/01/2021;144
20/01/2021;144
21/01/2021;139
22/01/2021;113
23/01/2021;139
24/01/2021;160
25/01/2021;160
26/01/2021;160
27/01/2021;136
28/01/2021;136
29/01/2021;136
30/01/2021;133
31/01/2021;133
01/02/2021;133
02/02/2021;133
03/02/2021;133
04/02/2021;133
05/02/2021;160
06/02/2021;160
07/02/2021;160
08/02/2021;160
09/02/2021;160
10/02/2021;160
11/02/2021;160
12/02/2021;160
13/02/2021;160
14/02/2021;160
15/02/2021;179
16/02/2021;179
17/02/2021;179
18/02/2021;179
19/02/2021;179
20/02/2021;179
21/02/2021;179
22/02/2021;179
23/02/2021;179
24/02/2021;179
25/02/2021;179
26/02/2021;134
27/02/2021;182
28/02/2021;182
01/03/2021;182
02/03/2021;182
03/03/2021;182
04/03/2021;182
05/03/2021;182
06/03/2021;182
07/03/2021;179
08/03/2021;179
09/03/2021;179
10/03/2021;179
11/03/2021;179
12/03/2021;179
13/03/2021;179
14/03/2021;168
15/03/2021;168
16/03/2021;165
17/03/2021;165
18/03/2021;165
19/03/2021;165
20/03/2021;165
21/03/2021;174
22/03/2021;174
23/03/2021;174
24/03/2021;174
25/03/2021;174
26/03/2021;174
27/03/2021;174
28/03/2021;174
29/03/2021;167
30/03/2021;167
31/03/2021;167
01/04/2021;167
02/04/2021;167
03/04/2021;176
04/04/2021;176
05/04/2021;109
06/04/2021;184
07/04/2021;200
08/04/2021;117
09/04/2021;3
15/04/2021;34
16/04/2021;117
17/04/2021;169
18/04/2021;169
19/04/2021;169
20/04/2021;246
21/04/2021;246
22/04/2021;246
23/04/2021;307
24/04/2021;307
25/04/2021;342
26/04/2021;342
27/04/2021;342
28/04/2021;330
29/04/2021;330
30/04/2021;330
01/05/2021;315
02/05/2021;315
03/05/2021;315
04/05/2021;331
05/05/2021;331
06/05/2021;331
07/05/2021;331
08/05/2021;331
09/05/2021;325
10/05/2021;325
11/05/2021;325
12/05/2021;342
13/05/2021;342
14/05/2021;292
15/05/2021;121
16/05/2021;267
17/05/2021;320
18/05/2021;320
19/05/2021;320
20/05/2021;311
21/05/2021;311
22/05/2021;311
23/05/2021;288
24/05/2021;288
25/05/2021;288
26/05/2021;288
27/05/2021;288
28/05/2021;288
29/05/2021;288
30/05/2021;288
31/05/2021;290
01/06/2021;290
02/06/2021;290
03/06/2021;290
04/06/2021;278
05/06/2021;292
06/06/2021;292
07/06/2021;292
08/06/2021;292
09/06/2021;269
10/06/2021;269
11/06/2021;269
12/06/2021;272
13/06/2021;272
14/06/2021;272
15/06/2021;272
16/06/2021;299
17/06/2021;299
18/06/2021;299
19/06/2021;299
20/06/2021;299
21/06/2021;275
22/06/2021;275
23/06/2021;275
24/06/2021;275
25/06/2021;278
26/06/2021;278
27/06/2021;275
28/06/2021;275
29/06/2021;275
30/06/2021;275
01/07/2021;275
02/07/2021;275
03/07/2021;296
04/07/2021;296
05/07/2021;296
06/07/2021;296
07/07/2021;296
08/07/2021;296
09/07/2021;296
10/07/2021;315
11/07/2021;315
12/07/2021;315
13/07/2021;320
14/07/2021;320
15/07/2021;320
16/07/2021;299
17/07/2021;238
18/07/2021;238
19/07/2021;238
20/07/2021;235
21/07/2021;235
22/07/2021;235
23/07/2021;235
24/07/2021;259
25/07/2021;259
26/07/2021;259
27/07/2021;259
28/07/2021;272
29/07/2021;272
30/07/2021;272
31/07/2021;302
01/08/2021;302
02/08/2021;294
03/08/2021;294
04/08/2021;294
05/08/2021;294
06/08/2021;294
07/08/2021;294
08/08/2021;294
09/08/2021;294
10/08/2021;294
11/08/2021;311
12/08/2021;311
13/08/2021;311
14/08/2021;311
15/08/2021;311
16/08/2021;310
17/08/2021;310
18/08/2021;310
19/08/2021;323
20/08/2021;323
21/08/2021;323
22/08/2021;323
23/08/2021;323
24/08/2021;318
25/08/2021;318
26/08/2021;318
27/08/2021;318
28/08/2021;318
29/08/2021;318
30/08/2021;318
31/08/2021;333
01/09/2021;333
02/09/2021;333
03/09/2021;333
04/09/2021;336
05/09/2021;336
06/09/2021;336
07/09/2021;336
08/09/2021;336
09/09/2021;336
10/09/2021;336
11/09/2021;336
12/09/2021;336
13/09/2021;336
14/09/2021;336
15/09/2021;336
16/09/2021;291
17/09/2021;320
18/09/2021;320
19/09/2021;320
20/09/2021;320
21/09/2021;320
22/09/2021;267
23/09/2021;267
24/09/2021;267
25/09/2021;267
26/09/2021;288
27/09/2021;288
28/09/2021;288
29/09/2021;288
30/09/2021;288
01/10/2021;315
02/10/2021;315
03/10/2021;315
04/10/2021;307
05/10/2021;307
06/10/2021;307
07/10/2021;307
08/10/2021;320
09/10/2021;320
10/10/2021;320
11/10/2021;320
12/10/2021;320
13/10/2021;316
14/10/2021;316
15/10/2021;316
16/10/2021;336
17/10/2021;336
18/10/2021;336
19/10/2021;336
20/10/2021;336
21/10/2021;347
22/10/2021;347
23/10/2021;347
24/10/2021;347
25/10/2021;347
26/10/2021;343
27/10/2021;343
28/10/2021;343
29/10/2021;343
30/10/2021;352
31/10/2021;352
01/11/2021;352
02/11/2021;344
03/11/2021;344
04/11/2021;344
05/11/2021;344
06/11/2021;344
07/11/2021;344
08/11/2021;335
09/11/2021;335
10/11/2021;335
11/11/2021;335
12/11/2021;344
13/11/2021;344
14/11/2021;344
15/11/2021;347
16/11/2021;347
17/11/2021;347
18/11/2021;334
19/11/2021;334
20/11/2021;334
21/11/2021;334
22/11/2021;332
23/11/2021;332
24/11/2021;332
25/11/2021;332
26/11/2021;332
27/11/2021;332
28/11/2021;332
29/11/2021;332
30/11/2021;332
01/12/2021;332
02/12/2021;332
03/12/2021;332
04/12/2021;332
05/12/2021;332
06/12/2021;325
07/12/2021;325
08/12/2021;325
09/12/2021;347
10/12/2021;347
11/12/2021;347
12/12/2021;358
13/12/2021;358
14/12/2021;358
15/12/2021;347
16/12/2021;347
17/12/2021;347
18/12/2021;395
19/12/2021;395
20/12/2021;395
21/12/2021;395
22/12/2021;395
23/12/2021;395
24/12/2021;395
25/12/2021;395
26/12/2021;395
27/12/2021;400
28/12/2021;400
29/12/2021;400
30/12/2021;400
31/12/2021;400
01/01/2022;411
02/01/2022;411
03/01/2022;411
04/01/2022;411
05/01/2022;411
06/01/2022;408
07/01/2022;408
08/01/2022;409
09/01/2022;414
10/01/2022;414
11/01/2022;414
12/01/2022;414
13/01/2022;414
14/01/2022;414
15/01/2022;414
16/01/2022;416
17/01/2022;416
18/01/2022;414
19/01/2022;414
20/01/2022;414
21/01/2022;414
22/01/2022;400
23/01/2022;400
24/01/2022;400
25/01/2022;400
26/01/2022;400
27/01/2022;400
28/01/2022;400
29/01/2022;400
30/01/2022;400
31/01/2022;400
01/02/2022;400
02/02/2022;400
03/02/2022;400
04/02/2022;400
05/02/2022;400
06/02/2022;374
07/02/2022;374
08/02/2022;374
09/02/2022;374
10/02/2022;403
11/02/2022;403
12/02/2022;403
13/02/2022;403
14/02/2022;403
15/02/2022;403
16/02/2022;395
17/02/2022;395
18/02/2022;395
19/02/2022;395
20/02/2022;395
21/02/2022;395
22/02/2022;395
23/02/2022;395
24/02/2022;395
25/02/2022;400
26/02/2022;400
27/02/2022;400
28/02/2022;400
01/03/2022;400
02/03/2022;403
03/03/2022;403
04/03/2022;403
05/03/2022;403
06/03/2022;415
07/03/2022;415
08/03/2022;431
09/03/2022;431
10/03/2022;431
11/03/2022;431
12/03/2022;431
13/03/2022;431
14/03/2022;431
15/03/2022;431
16/03/2022;430
17/03/2022;430
18/03/2022;430
19/03/2022;430
20/03/2022;430
21/03/2022;448
22/03/2022;448
23/03/2022;448
24/03/2022;448
25/03/2022;435
26/03/2022;435
27/03/2022;435
28/03/2022;435
29/03/2022;435
30/03/2022;400
31/03/2022;400
01/04/2022;400
02/04/2022;374
03/04/2022;374
04/04/2022;374
05/04/2022;374
06/04/2022;394
07/04/2022;394
08/04/2022;394
09/04/2022;394
10/04/2022;414
11/04/2022;414
12/04/2022;414
13/04/2022;414
14/04/2022;414
15/04/2022;414
16/04/2022;414
17/04/2022;414
18/04/2022;414
19/04/2022;421
20/04/2022;421
21/04/2022;421
22/04/2022;421
23/04/2022;421
24/04/2022;421
25/04/2022;425
26/04/2022;425
27/04/2022;425
28/04/2022;454
29/04/2022;454
30/04/2022;454
01/05/2022;454
02/05/2022;454
03/05/2022;439
04/05/2022;439
05/05/2022;439
06/05/2022;448
07/05/2022;448
08/05/2022;448
09/05/2022;448
10/05/2022;448
11/05/2022;448
12/05/2022;448
13/05/2022;448
14/05/2022;449
15/05/2022;449
16/05/2022;453
17/05/2022;453
18/05/2022;453
19/05/2022;453
20/05/2022;453
21/05/2022;458
22/05/2022;458
23/05/2022;458
24/05/2022;458
25/05/2022;458
26/05/2022;440
27/05/2022;440
28/05/2022;440
29/05/2022;442
30/05/2022;442
31/05/2022;442
01/06/2022;442
02/06/2022;450
03/06/2022;450
04/06/2022;450
05/06/2022;450
06/06/2022;454
07/06/2022;454
08/06/2022;454
09/06/2022;454
10/06/2022;448
11/06/2022;448
12/06/2022;448
13/06/2022;448
14/06/2022;458
15/06/2022;458
16/06/2022;458
17/06/2022;458
18/06/2022;458
19/06/2022;458
20/06/2022;458
21/06/2022;467
22/06/2022;467
23/06/2022;467
24/06/2022;467
25/06/2022;440
26/06/2022;440
27/06/2022;440
28/06/2022;440
29/06/2022;440
30/06/2022;440
01/07/2022;440
02/07/2022;440
03/07/2022;440
04/07/2022;440
05/07/2022;440
06/07/2022;440
07/07/2022;434
08/07/2022;434
09/07/2022;434
10/07/2022;434
11/07/2022;434
12/07/2022;434
13/07/2022;434
14/07/2022;434
15/07/2022;434
16/07/2022;440
17/07/2022;440
18/07/2022;440
19/07/2022;440
20/07/2022;440
21/07/2022;440
22/07/2022;440
23/07/2022;440
24/07/2022;446
25/07/2022;446
26/07/2022;446
27/07/2022;446
28/07/2022;446
29/07/2022;446
30/07/2022;450
31/07/2022;450
01/08/2022;450
02/08/2022;450
03/08/2022;457
04/08/2022;457
05/08/2022;457
06/08/2022;461
07/08/2022;461
08/08/2022;461
09/08/2022;461
10/08/2022;461
11/08/2022;446
12/08/2022;446
13/08/2022;446
14/08/2022;446
15/08/2022;454
16/08/2022;454
17/08/2022;454
18/08/2022;472
19/08/2022;472
20/08/2022;472
21/08/2022;472
22/08/2022;472
23/08/2022;472
24/08/2022;472
25/08/2022;472
26/08/2022;472
27/08/2022;472
28/08/2022;472
29/08/2022;432
30/08/2022;460
31/08/2022;460
01/09/2022;460
02/09/2022;460
03/09/2022;459
04/09/2022;459
05/09/2022;459
06/09/2022;459
07/09/2022;459
08/09/2022;459
09/09/2022;467
10/09/2022;467
11/09/2022;467
12/09/2022;467
13/09/2022;467
14/09/2022;410
15/09/2022;410
16/09/2022;410
17/09/2022;410
18/09/2022;410
19/09/2022;410
20/09/2022;410
21/09/2022;410
22/09/2022;410
23/09/2022;410
24/09/2022;410
25/09/2022;410
26/09/2022;410
27/09/2022;410
28/09/2022;410
29/09/2022;410
30/09/2022;410
01/10/2022;410
02/10/2022;410
03/10/2022;410
04/10/2022;410
05/10/2022;410
06/10/2022;410
07/10/2022;410
08/10/2022;410
09/10/2022;410
10/10/2022;410
11/10/2022;410
12/10/2022;410
13/10/2022;410
14/10/2022;410
15/10/2022;410
16/10/2022;410
17/10/2022;410
18/10/2022;410
19/10/2022;410
20/10/2022;410
22/10/2022;410
23/10/2022;410
24/10/2022;410
25/10/2022;410
26/10/2022;410
27/10/2022;410
28/10/2022;410
29/10/2022;410
30/10/2022;410
31/10/2022;410
01/11/2022;410
02/11/2022;410
03/11/2022;401
04/11/2022;410
05/11/2022;410
06/11/2022;400
07/11/2022;400
08/11/2022;400
09/11/2022;400
10/11/2022;424
11/11/2022;424
12/11/2022;424
13/11/2022;424
14/11/2022;448
15/11/2022;448
16/11/2022;448
17/11/2022;448
18/11/2022;462
19/11/2022;462
20/11/2022;462
21/11/2022;462
22/11/2022;459
23/11/2022;459
24/11/2022;459
25/11/2022;459
26/11/2022;454
27/11/2022;454
28/11/2022;454
29/11/2022;461
30/11/2022;461
01/12/2022;461
02/12/2022;461
03/12/2022;472
04/12/2022;472
05/12/2022;472
06/12/2022;472
07/12/2022;472
08/12/2022;454
09/12/2022;454
10/12/2022;454
11/12/2022;440
12/12/2022;440
13/12/2022;440
14/12/2022;440
15/12/2022;448
16/12/2022;448
17/12/2022;448
18/12/2022;440
19/12/2022;440
20/12/2022;440
21/12/2022;440
22/12/2022;446
23/12/2022;446
24/12/2022;446
25/12/2022;446
26/12/2022;475
27/12/2022;475
28/12/2022;475
29/12/2022;489
30/12/2022;489
31/12/2022;489
01/01/2023;489
02/01/2023;489
03/01/2023;489
04/01/2023;513
05/01/2023;513
06/01/2023;513
07/01/2023;513
08/01/2023;513
09/01/2023;513
10/01/2023;513
11/01/2023;494
12/01/2023;494
13/01/2023;494
14/01/2023;494
15/01/2023;494
16/01/2023;494
17/01/2023;485
18/01/2023;485
19/01/2023;485
20/01/2023;485
21/01/2023;485
22/01/2023;494
23/01/2023;494
24/01/2023;494
25/01/2023;494
26/01/2023;507
27/01/2023;507
28/01/2023;507
29/01/2023;493
30/01/2023;493
31/01/2023;493
01/02/2023;493
02/02/2023;493
03/02/2023;454
04/02/2023;454
05/02/2023;454
06/02/2023;454
07/02/2023;465
08/02/2023;465
09/02/2023;465
10/02/2023;481
11/02/2023;481
12/02/2023;481
13/02/2023;481
14/02/2023;503
15/02/2023;516
16/02/2023;516
17/02/2023;516
18/02/2023;525
19/02/2023;525
20/02/2023;525
21/02/2023;505
22/02/2023;505
23/02/2023;505
24/02/2023;505
25/02/2023;513
26/02/2023;513
27/02/2023;497
28/02/2023;497
01/03/2023;497
02/03/2023;497
03/03/2023;497
04/03/2023;497
05/03/2023;497
06/03/2023;497
07/03/2023;497
08/03/2023;466
09/03/2023;500
10/03/2023;500
11/03/2023;500
12/03/2023;500
13/03/2023;500
14/03/2023;508
15/03/2023;508
16/03/2023;508
17/03/2023;508
18/03/2023;508
19/03/2023;508
20/03/2023;507
21/03/2023;507
22/03/2023;507
23/03/2023;507
24/03/2023;507
25/03/2023;507
26/03/2023;507
27/03/2023;513
28/03/2023;513
29/03/2023;513
30/03/2023;513
31/03/2023;515
01/04/2023;515
02/04/2023;515
03/04/2023;515
04/04/2023;522
05/04/2023;522
06/04/2023;522
07/04/2023;522
08/04/2023;522
09/04/2023;522
10/04/2023;531
11/04/2023;531
12/04/2023;531
13/04/2023;531
14/04/2023;519
15/04/2023;519
16/04/2023;519
17/04/2023;519
18/04/2023;513
19/04/2023;513
20/04/2023;513
21/04/2023;513
22/04/2023;513
23/04/2023;513
24/04/2023;516
25/04/2023;516
26/04/2023;516
27/04/2023;516
28/04/2023;516
29/04/2023;516
30/04/2023;516
01/05/2023;516
02/05/2023;516
03/05/2023;507
04/05/2023;507
05/05/2023;507
06/05/2023;507
07/05/2023;507
08/05/2023;507
09/05/2023;512
10/05/2023;512
11/05/2023;490
12/05/2023;515
13/05/2023;515
14/05/2023;515
15/05/2023;529
16/05/2023;529
17/05/2023;529
18/05/2023;485
19/05/2023;452
20/05/2023;472
21/05/2023;472
22/05/2023;472
23/05/2023;490
24/05/2023;490
25/05/2023;490
26/05/2023;490
27/05/2023;497
28/05/2023;497
29/05/2023;497
30/05/2023;500
31/05/2023;500
01/06/2023;500
02/06/2023;478
03/06/2023;478
04/06/2023;478
05/06/2023;489
06/06/2023;489
07/06/2023;489
08/06/2023;491
09/06/2023;491
10/06/2023;491
11/06/2023;523
12/06/2023;523
13/06/2023;523
14/06/2023;523
15/06/2023;523
16/06/2023;523
17/06/2023;530
18/06/2023;530
19/06/2023;530
20/06/2023;523
21/06/2023;523
22/06/2023;523
23/06/2023;510
24/06/2023;510
25/06/2023;510
26/06/2023;502
27/06/2023;492
28/06/2023;502
29/06/2023;502
30/06/2023;502
01/07/2023;502
02/07/2023;521
03/07/2023;521
04/07/2023;521
05/07/2023;494
06/07/2023;494
07/07/2023;494
08/07/2023;494
09/07/2023;494
10/07/2023;505
11/07/2023;505
12/07/2023;505
13/07/2023;505
14/07/2023;507
15/07/2023;507
16/07/2023;507
17/07/2023;507
18/07/2023;494
19/07/2023;494
20/07/2023;494
21/07/2023;491
22/07/2023;491
23/07/2023;491
24/07/2023;491
25/07/2023;491
26/07/2023;507
27/07/2023;507
28/07/2023;510
29/07/2023;510
30/07/2023;510
31/07/2023;491
01/08/2023;491
02/08/2023;491
03/08/2023;358
04/08/2023;574
05/08/2023;574
06/08/2023;574
07/08/2023;574
08/08/2023;566
09/08/2023;566
10/08/2023;566
11/08/2023;555
12/08/2023;555
13/08/2023;547
14/08/2023;547
15/08/2023;547
16/08/2023;529
17/08/2023;529
18/08/2023;529
19/08/2023;566
20/08/2023;566
21/08/2023;566
22/08/2023;557
23/08/2023;557
24/08/2023;557
25/08/2023;557
26/08/2023;557
27/08/2023;539
28/08/2023;539
29/08/2023;539
30/08/2023;539
31/08/2023;547
01/09/2023;547
02/09/2023;547
03/09/2023;561
04/09/2023;561
05/09/2023;561
06/09/2023;556
07/09/2023;556
08/09/2023;556
09/09/2023;550
10/09/2023;550
11/09/2023;550
12/09/2023;550
13/09/2023;547
14/09/2023;547
15/09/2023;547
16/09/2023;547
17/09/2023;538
18/09/2023;538
19/09/2023;538
20/09/2023;538
21/09/2023;526
22/09/2023;526
23/09/2023;526
24/09/2023;524
25/09/2023;524
26/09/2023;524
27/09/2023;524
28/09/2023;526
29/09/2023;526
30/09/2023;526
01/10/2023;526
02/10/2023;526
03/10/2023;482
04/10/2023;526
05/10/2023;537
06/10/2023;537
07/10/2023;537
08/10/2023;537
09/10/2023;513
10/10/2023;513
11/10/2023;513
12/10/2023;517
13/10/2023;517
14/10/2023;517
15/10/2023;517
16/10/2023;517
17/10/2023;517
18/10/2023;545
19/10/2023;545
20/10/2023;545
21/10/2023;545
22/10/2023;558
23/10/2023;558
24/10/2023;558
25/10/2023;552
26/10/2023;552
27/10/2023;552
28/10/2023;536
29/10/2023;536
30/10/2023;536
31/10/2023;536
01/11/2023;536
02/11/2023;537
03/11/2023;537
04/11/2023;537
05/11/2023;537
06/11/2023;521
07/11/2023;521
08/11/2023;521
09/11/2023;515
10/11/2023;515
11/11/2023;515
12/11/2023;534
13/11/2023;534
14/11/2023;534
15/11/2023;534
16/11/2023;521
17/11/2023;521
18/11/2023;521
19/11/2023;531
20/11/2023;531
21/11/2023;531
22/11/2023;531
23/11/2023;545
24/11/2023;545
25/11/2023;545
26/11/2023;506
27/11/2023;540
28/11/2023;534
29/11/2023;534
30/11/2023;534
01/12/2023;547
02/12/2023;547
03/12/2023;547
04/12/2023;533
05/12/2023;533
06/12/2023;533
07/12/2023;533
08/12/2023;534
09/12/2023;534
10/12/2023;534
11/12/2023;520
12/12/2023;520
13/12/2023;520
14/12/2023;508
15/12/2023;508
16/12/2023;508
17/12/2023;495
18/12/2023;495
19/12/2023;495
20/12/2023;489
21/12/2023;489
22/12/2023;484
23/12/2023;484
24/12/2023;484
25/12/2023;464
26/12/2023;464
27/12/2023;451
28/12/2023;451
29/12/2023;451
30/12/2023;466
31/12/2023;466
01/01/2024;466
02/01/2024;467
03/01/2024;467
04/01/2024;467
05/01/2024;443
06/01/2024;443
07/01/2024;443
08/01/2024;481
09/01/2024;481
10/01/2024;481
11/01/2024;489
12/01/2024;489
13/01/2024;489
14/01/2024;484
15/01/2024;484
16/01/2024;484
17/01/2024;475
18/01/2024;475
19/01/2024;475
20/01/2024;478
21/01/2024;478
22/01/2024;478
23/01/2024;464
24/01/2024;464
25/01/2024;464
26/01/2024;481
27/01/2024;481
28/01/2024;481
29/01/2024;486
30/01/2024;486
31/01/2024;486
01/02/2024;472
02/02/2024;472
03/02/2024;472
04/02/2024;463
05/02/2024;463
06/02/2024;463
07/02/2024;442
08/02/2024;442
09/02/2024;442
10/02/2024;442
11/02/2024;411
12/02/2024;411
13/02/2024;411
14/02/2024;379
15/02/2024;395
16/02/2024;395
17/02/2024;395
18/02/2024;395
19/02/2024;395
20/02/2024;310
21/02/2024;344
22/02/2024;344
23/02/2024;344
24/02/2024;344
25/02/2024;352
26/02/2024;352
27/02/2024;352
28/02/2024;352
29/02/2024;352
01/03/2024;323
02/03/2024;323
03/03/2024;323
04/03/2024;335
05/03/2024;335
06/03/2024;335
07/03/2024;335
08/03/2024;328
09/03/2024;328
10/03/2024;328
11/03/2024;328
12/03/2024;320
13/03/2024;320
14/03/2024;320
15/03/2024;310
16/03/2024;310
17/03/2024;310
18/03/2024;310
19/03/2024;302
20/03/2024;302
21/03/2024;302
22/03/2024;259
23/03/2024;259
24/03/2024;259
25/03/2024;264
26/03/2024;264
27/03/2024;264
28/03/2024;264
29/03/2024;254
30/03/2024;254
31/03/2024;254
01/04/2024;248
02/04/2024;248
03/04/2024;248
04/04/2024;248
05/04/2024;248
06/04/2024;248
07/04/2024;248
08/04/2024;248
09/04/2024;240
10/04/2024;240
11/04/2024;240
12/04/2024;240
13/04/2024;227
14/04/2024;227
15/04/2024;227
16/04/2024;221
17/04/2024;221
18/04/2024;211
19/04/2024;211
20/04/2024;211
21/04/2024;211
22/04/2024;211
23/04/2024;224
24/04/2024;224
25/04/2024;224
26/04/2024;224
27/04/2024;219
28/04/2024;219
29/04/2024;219
30/04/2024;221
01/05/2024;221
02/05/2024;221
03/05/2024;221
04/05/2024;224
05/05/2024;224
06/05/2024;224
07/05/2024;224
08/05/2024;229
09/05/2024;229
10/05/2024;229
11/05/2024;242
12/05/2024;242
13/05/2024;242
14/05/2024;237
15/05/2024;237
16/05/2024;237
17/05/2024;237
18/05/2024;230
19/05/2024;230
20/05/2024;230
21/05/2024;230
22/05/2024;226
23/05/2024;226
24/05/2024;226
25/05/2024;226
26/05/2024;226
27/05/2024;227
28/05/2024;229
29/05/2024;229
30/05/2024;229
31/05/2024;235
01/06/2024;235
02/06/2024;235
03/06/2024;235
04/06/2024;235
05/06/2024;222
06/06/2024;222
07/06/2024;222
08/06/2024;222
09/06/2024;232
10/06/2024;232
11/06/2024;232
12/06/2024;232
13/06/2024;232
14/06/2024;232
15/06/2024;232
16/06/2024;232
17/06/2024;234
18/06/2024;234
19/06/2024;234
20/06/2024;236
21/06/2024;236
22/06/2024;236
23/06/2024;236
24/06/2024;236
25/06/2024;236
26/06/2024;236
27/06/2024;230
28/06/2024;230
29/06/2024;230
30/06/2024;217
01/07/2024;217
02/07/2024;217
03/07/2024;217
04/07/2024;215
05/07/2024;215
06/07/2024;215
07/07/2024;215
08/07/2024;214
09/07/2024;214
10/07/2024;214
11/07/2024;214
12/07/2024;215
13/07/2024;215
14/07/2024;215
15/07/2024;217
16/07/2024;217
17/07/2024;217
18/07/2024;210
19/07/2024;205
20/07/2024;210
21/07/2024;210
22/07/2024;192
23/07/2024;208
24/07/2024;208
25/07/2024;208
26/07/2024;214
27/07/2024;214
28/07/2024;214
29/07/2024;214
30/07/2024;210
31/07/2024;235
01/08/2024;235
02/08/2024;235
03/08/2024;235
04/08/2024;224
05/08/2024;201
06/08/2024;217
07/08/2024;217
08/08/2024;217
09/08/2024;217
10/08/2024;220
11/08/2024;220
12/08/2024;220
13/08/2024;219
14/08/2024;219
15/08/2024;219
16/08/2024;221
17/08/2024;221
18/08/2024;221
19/08/2024;214
20/08/2024;214
21/08/2024;214
22/08/2024;217
23/08/2024;217
24/08/2024;217
25/08/2024;224
26/08/2024;224
27/08/2024;196
28/08/2024;196
29/08/2024;196
30/08/2024;196
31/08/2024;196
01/09/2024;196
02/09/2024;192
03/09/2024;192
04/09/2024;188
05/09/2024;195
06/09/2024;199
07/09/2024;199
08/09/2024;192
09/09/2024;192
10/09/2024;202
11/09/2024;202
12/09/2024;202
13/09/2024;200
14/09/2024;200
15/09/2024;200
16/09/2024;200
17/09/2024;200
18/09/2024;203
19/09/2024;203
20/09/2024;203
21/09/2024;203
22/09/2024;203
23/09/2024;200
24/09/2024;200
25/09/2024;200
26/09/2024;203
27/09/2024;203
28/09/2024;203
29/09/2024;202
30/09/2024;197
01/10/2024;202
02/10/2024;203
03/10/2024;203
04/10/2024;203
05/10/2024;206
06/10/2024;206
07/10/2024;206
08/10/2024;206
09/10/2024;206
10/10/2024;206
11/10/2024;206
12/10/2024;206
13/10/2024;210
14/10/2024;210
15/10/2024;210
16/10/2024;214
17/10/2024;214
18/10/2024;214
19/10/2024;214
20/10/2024;214
21/10/2024;214
22/10/2024;214
23/10/2024;214
24/10/2024;214
25/10/2024;214
26/10/2024;198
27/10/2024;208
28/10/2024;208
29/10/2024;208
30/10/2024;202
31/10/2024;202
01/11/2024;202
02/11/2024;187
03/11/2024;187
04/11/2024;187
05/11/2024;191
06/11/2024;191
07/11/2024;191
08/11/2024;182
09/11/2024;184
10/11/2024;184
11/11/2024;184
12/11/2024;182
13/11/2024;182
14/11/2024;182
15/11/2024;182
16/11/2024;174
17/11/2024;174
18/11/2024;174
19/11/2024;171
20/11/2024;171
21/11/2024;171
22/11/2024;171
23/11/2024;174
24/11/2024;174
25/11/2024;174
26/11/2024;174
27/11/2024;178
28/11/2024;169
29/11/2024;178
30/11/2024;174
01/12/2024;174
02/12/2024;174
03/12/2024;177
04/12/2024;177
05/12/2024;177
06/12/2024;176
07/12/2024;176
08/12/2024;176
09/12/2024;182
10/12/2024;182
11/12/2024;182
12/12/2024;182
13/12/2024;182
14/12/2024;182
15/12/2024;179
16/12/2024;179
17/12/2024;179
18/12/2024;186
19/12/2024;186
20/12/2024;186
21/12/2024;186
22/12/2024;186
23/12/2024;181
24/12/2024;181
25/12/2024;176
26/12/2024;176
27/12/2024;176
28/12/2024;176
29/12/2024;176
30/12/2024;176
31/12/2024;171
01/01/2025;171
02/01/2025;171
03/01/2025;160
04/01/2025;160
05/01/2025;160
06/01/2025;155
07/01/2025;155
08/01/2025;155
09/01/2025;149
10/01/2025;149
11/01/2025;149
12/01/2025;133
13/01/2025;133
14/01/2025;133
15/01/2025;141
16/01/2025;141
17/01/2025;141
18/01/2025;141
19/01/2025;147
20/01/2025;147
21/01/2025;147
22/01/2025;147
23/01/2025;163
24/01/2025;163
25/01/2025;163
26/01/2025;163
27/01/2025;163
28/01/2025;163
29/01/2025;165
30/01/2025;165
31/01/2025;165
01/02/2025;165
02/02/2025;165
03/02/2025;165
04/02/2025;165
05/02/2025;147
06/02/2025;147
07/02/2025;147
08/02/2025;147
09/02/2025;143
10/02/2025;145
11/02/2025;145
12/02/2025;145
13/02/2025;145
14/02/2025;145
15/02/2025;145
16/02/2025;147
17/02/2025;147
18/02/2025;147
19/02/2025;147
20/02/2025;151
21/02/2025;151
22/02/2025;151
23/02/2025;151
24/02/2025;141
25/02/2025;141
26/02/2025;139
27/02/2025;139
28/02/2025;139
01/03/2025;139
02/03/2025;139
03/03/2025;139
04/03/2025;139
05/03/2025;139
06/03/2025;139
07/03/2025;144
08/03/2025;144
09/03/2025;144
10/03/2025;144
11/03/2025;144
12/03/2025;139
13/03/2025;139
14/03/2025;139
15/03/2025;139
16/03/2025;139
17/03/2025;139
18/03/2025;141
19/03/2025;141
20/03/2025;141
21/03/2025;141
22/03/2025;141
23/03/2025;144
24/03/2025;144
25/03/2025;144
26/03/2025;144
27/03/2025;144
28/03/2025;144
29/03/2025;144
30/03/2025;94
31/03/2025;14
01/04/2025;133
02/04/2025;133
03/04/2025;133
04/04/2025;139
05/04/2025;139
06/04/2025;139
07/04/2025;146
08/04/2025;146
09/04/2025;136
10/04/2025;120
11/04/2025;149
12/04/2025;149
13/04/2025;149
14/04/2025;152
15/04/2025;152
16/04/2025;152
17/04/2025;152
18/04/2025;148
19/04/2025;148
20/04/2025;148
21/04/2025;148
22/04/2025;148
23/04/2025;148
24/04/2025;144
25/04/2025;144
26/04/2025;144
27/04/2025;144
28/04/2025;144
29/04/2025;140
30/04/2025;140
01/05/2025;128
02/05/2025;140
03/05/2025;140
04/05/2025;136
05/05/2025;136
06/05/2025;136
07/05/2025;136
08/05/2025;136
09/05/2025;136
10/05/2025;142
11/05/2025;142
12/05/2025;142
13/05/2025;142
14/05/2025;133
15/05/2025;133
16/05/2025;133
17/05/2025;133
18/05/2025;139
19/05/2025;139
20/05/2025;139
21/05/2025;139
22/05/2025;139
23/05/2025;139
24/05/2025;139
25/05/2025;133
26/05/2025;133
27/05/2025;133
28/05/2025;130
29/05/2025;130
30/05/2025;130
31/05/2025;130
01/06/2025;130
02/06/2025;130
03/06/2025;130
04/06/2025;138
05/06/2025;138
06/06/2025;138
07/06/2025;149
08/06/2025;149
09/06/2025;149
10/06/2025;145
11/06/2025;145
12/06/2025;145
13/06/2025;145
14/06/2025;145
15/06/2025;139
16/06/2025;139
17/06/2025;139
18/06/2025;139
19/06/2025;139
20/06/2025;132
21/06/2025;74
22/06/2025;41
23/06/2025;59
24/06/2025;21
25/06/2025;112
26/06/2025;112
27/06/2025;125
28/06/2025;125
29/06/2025;125
30/06/2025;123
01/07/2025;123
02/07/2025;123
03/07/2025;115
04/07/2025;131
05/07/2025;131
06/07/2025;131
07/07/2025;133
08/07/2025;133
09/07/2025;133
10/07/2025;133
11/07/2025;133
12/07/2025;133
13/07/2025;133
14/07/2025;141
15/07/2025;141
16/07/2025;141
17/07/2025;141
18/07/2025;141
19/07/2025;141
20/07/2025;141
21/07/2025;149
22/07/2025;23
23/07/2025;106
24/07/2025;106
25/07/2025;106
26/07/2025;106
27/07/2025;123
28/07/2025;123
29/07/2025;123
30/07/2025;123
31/07/2025;123
01/08/2025;123
02/08/2025;136
03/08/2025;136
04/08/2025;136
05/08/2025;136
06/08/2025;136
07/08/2025;136
08/08/2025;146
09/08/2025;146
10/08/2025;146
11/08/2025;146
12/08/2025;160
13/08/2025;160
14/08/2025;160
15/08/2025;160
16/08/2025;160
17/08/2025;161
18/08/2025;161
19/08/2025;161
20/08/2025;161
21/08/2025;163
22/08/2025;163
23/08/2025;163
24/08/2025;168
25/08/2025;168
26/08/2025;168
27/08/2025;166
28/08/2025;166
29/08/2025;166
30/08/2025;166
31/08/2025;166
01/09/2025;171
02/09/2025;171
03/09/2025;171
04/09/2025;171
05/09/2025;171
06/09/2025;163
07/09/2025;163
08/09/2025;163
09/09/2025;166
10/09/2025;166
11/09/2025;166
12/09/2025;166
13/09/2025;150
14/09/2025;152
15/09/2025;152
16/09/2025;152
17/09/2025;159
18/09/2025;159
19/09/2025;159
20/09/2025;161
21/09/2025;161
22/09/2025;161
23/09/2025;161
24/09/2025;166
25/09/2025;166
26/09/2025;159
27/09/2025;166
28/09/2025;163
29/09/2025;163
30/09/2025;163
01/10/2025;155
02/10/2025;155
03/10/2025;155
04/10/2025;159
05/10/2025;159
06/10/2025;159
07/10/2025;159
08/10/2025;159
09/10/2025;159
10/10/2025;159
11/10/2025;159
12/10/2025;159
13/10/2025;165
14/10/2025;165
15/10/2025;165
16/10/2025;165
17/10/2025;171
18/10/2025;171
19/10/2025;171
20/10/2025;171
21/10/2025;171
22/10/2025;171
23/10/2025;171
24/10/2025;171
25/10/2025;174
26/10/2025;174
27/10/2025;174
28/10/2025;174
29/10/2025;163
30/10/2025;163
31/10/2025;163
01/11/2025;163
02/11/2025;163
03/11/2025;163
